state,pha,sa2
NSW,10063,119041668
NSW,10063,119041381
NSW,10063,119041671
NSW,10137,127011504
NSW,10071,120031676
NSW,10071,120031677
NSW,10080,121021403
NSW,10080,121021404
NSW,10081,121021577
NSW,10081,121021578
NSW,10081,121021579
NSW,10118,125011582
NSW,10118,125011583
NSW,10118,125011584
NSW,10090,122021420
NSW,10090,122021422
NSW,10069,120021387
NSW,10069,120021389
NSW,10049,119011571
NSW,10049,119011572
NSW,10103,123031445
NSW,10103,123031447
NSW,10050,119011354
NSW,10050,119011356
NSW,10007,102021044
NSW,10007,102021053
NSW,10014,115011290
NSW,10014,115011291
NSW,10091,122021421
NSW,10091,122021690
NSW,10091,122021691
NSW,10092,122031424
NSW,10092,122031695
NSW,10092,122031694
NSW,10055,119021362
NSW,10055,119021659
NSW,10055,119021660
NSW,10055,119021661
NSW,10064,119041669
NSW,10064,119041670
NSW,10064,119041378
NSW,10105,124011449
NSW,10105,124011452
NSW,10021,116011560
NSW,10021,116011561
NSW,10021,116011303
NSW,10022,116011304
NSW,10022,116011306
NSW,10106,124011450
NSW,10107,124011451
NSW,10107,124011453
NSW,10107,124011454
NSW,10107,124011455
NSW,10108,124021456
NSW,10041,118011339
NSW,10041,118011340
NSW,10042,118011341
NSW,10042,118011342
NSW,10042,118011347
NSW,10142,127021510
NSW,10142,127021514
NSW,10142,127021517
NSW,10032,117011634
NSW,10032,117011635
NSW,10032,117011323
NSW,10031,117011320
NSW,10031,117011321
NSW,10031,117011324
NSW,10031,117011325
NSW,10098,123021436
NSW,10098,123021439
NSW,10072,120031678
NSW,10072,120031679
NSW,10143,127021511
NSW,10001,102011030
NSW,10001,102011035
NSW,10001,102011036
NSW,10109,124031457
NSW,10109,124031707
NSW,10109,124031708
NSW,10096,123011433
NSW,10096,123011699
NSW,10096,123011700
NSW,10099,123021437
NSW,10099,123021444
NSW,10068,120011385
NSW,10068,120011386
NSW,10067,120011383
NSW,10067,120011672
NSW,10067,120011673
NSW,10144,127021513
NSW,10144,127021515
NSW,10073,120031392
NSW,10073,120031393
NSW,10150,128011602
NSW,10150,128011603
NSW,10150,128011605
NSW,10121,125021711
NSW,10121,125021712
NSW,10016,115011554
NSW,10016,115011558
NSW,10016,115011296
NSW,10017,115011557
NSW,10017,115011621
NSW,10017,115011622
NSW,10015,115011553
NSW,10015,115011555
NSW,10015,115011556
NSW,10015,115011294
NSW,10147,127031522
NSW,10147,127031730
NSW,10147,127031599
NSW,10147,127031733
NSW,10077,121011682
NSW,10077,121011684
NSW,10077,121011399
NSW,10123,125031479
NSW,10039,117031639
NSW,10039,117031642
NSW,10039,117031643
NSW,10039,117031647
NSW,10039,117031648
NSW,10010,102021047
NSW,10010,102021055
NSW,10051,119011355
NSW,10051,119011655
NSW,10051,119011656
NSW,10051,119011361
NSW,10100,123021438
NSW,10139,127011726
NSW,10139,127011727
NSW,10139,127011728
NSW,10139,127011729
NSW,10093,122031693
NSW,10093,122031425
NSW,10093,122031697
NSW,10045,118021651
NSW,10045,118021654
NSW,10086,121041413
NSW,10086,121041416
NSW,10151,128011604
NSW,10151,128011606
NSW,10152,128011529
NSW,10152,128011530
NSW,10152,128011531
NSW,10097,123011698
NSW,10097,123011701
NSW,10097,123011702
NSW,10043,118011649
NSW,10043,118011650
NSW,10043,118011345
NSW,10104,123031446
NSW,10104,123031448
NSW,10044,118011344
NSW,10044,118011346
NSW,10074,120031394
NSW,10074,120031395
NSW,10018,115021297
NSW,10018,115021298
NSW,10136,126021501
NSW,10136,126021590
NSW,10136,126021724
NSW,10136,126021725
NSW,10133,126021722
NSW,10133,126021723
NSW,10133,126021503
NSW,10110,124031459
NSW,10110,124031461
NSW,10153,128021607
NSW,10153,128021533
NSW,10153,128021608
NSW,10153,128021537
NSW,10153,128021609
NSW,10132,126011720
NSW,10132,126011721
NSW,10132,126011496
NSW,10002,102011031
NSW,10002,102011034
NSW,10002,102011038
NSW,10122,125021477
NSW,10122,125021478
NSW,10116,124051469
NSW,10116,124051470
NSW,10124,125031480
NSW,10141,127021509
NSW,10141,127021512
NSW,10145,127021516
NSW,10145,127021519
NSW,10145,127021520
NSW,10038,117031331
NSW,10038,117031641
NSW,10038,117031646
NSW,10028,116031314
NSW,10028,116031315
NSW,10102,123021704
NSW,10102,123021706
NSW,10111,124031460
NSW,10024,116021309
NSW,10024,116021628
NSW,10024,116021633
NSW,10083,121031407
NSW,10083,121031409
NSW,10011,102021048
NSW,10000,102011028
NSW,10000,102011029
NSW,10003,102011032
NSW,10003,102011043
NSW,10125,125031481
NSW,10125,125031483
NSW,10138,127011505
NSW,10138,127011592
NSW,10138,127011593
NSW,10138,127011594
NSW,10138,127011595
NSW,10126,125031713
NSW,10126,125031715
NSW,10127,125031484
NSW,10127,125031714
NSW,10127,125031486
NSW,10127,125031716
NSW,10127,125031487
NSW,10019,115031299
NSW,10019,115031300
NSW,10040,117031644
NSW,10040,117031645
NSW,10148,127031523
NSW,10148,127031524
NSW,10075,120031396
NSW,10146,127021518
NSW,10146,127021521
NSW,10140,127011596
NSW,10140,127011597
NSW,10059,119031664
NSW,10059,119031665
NSW,10059,119031370
NSW,10101,123021703
NSW,10101,123021705
NSW,10101,123021441
NSW,10101,123021443
NSW,10004,102011033
NSW,10004,102011037
NSW,10046,118021564
NSW,10046,118021565
NSW,10056,119021662
NSW,10056,119021663
NSW,10065,119041377
NSW,10112,124031462
NSW,10112,124031464
NSW,10066,119041379
NSW,10066,119041380
NSW,10066,119041382
NSW,10057,119021573
NSW,10057,119021366
NSW,10057,119021574
NSW,10023,116011307
NSW,10023,116011626
NSW,10023,116011627
NSW,10078,121011685
NSW,10078,121011686
NSW,10078,121011401
NSW,10070,120021674
NSW,10070,120021675
NSW,10120,125011585
NSW,10120,125011586
NSW,10120,125011587
NSW,10120,125011475
NSW,10084,121031408
NSW,10149,127031731
NSW,10149,127031732
NSW,10149,127031601
NSW,10135,126021500
NSW,10047,118021652
NSW,10047,118021566
NSW,10047,118021567
NSW,10047,118021568
NSW,10047,118021653
NSW,10089,122011418
NSW,10089,122011419
NSW,10033,117021636
NSW,10033,117021637
NSW,10026,116021629
NSW,10026,116021630
NSW,10026,116021632
NSW,10026,116021631
NSW,10154,128021534
NSW,10154,128021535
NSW,10060,119031666
NSW,10060,119031372
NSW,10060,119031667
NSW,10088,121041688
NSW,10088,121041689
NSW,10027,116031313
NSW,10027,116031316
NSW,10029,116031317
NSW,10082,121021406
NSW,10129,125041489
NSW,10130,125041490
NSW,10130,125041491
NSW,10130,125041494
NSW,10087,121041414
NSW,10087,121041417
NSW,10155,128021536
NSW,10155,128021538
NSW,10052,119011358
NSW,10053,119011657
NSW,10053,119011658
NSW,10128,125041717
NSW,10128,125041718
NSW,10128,125041588
NSW,10128,125041719
NSW,10128,125041589
NSW,10113,124031463
NSW,10113,124031465
NSW,10034,117021327
NSW,10030,116031318
NSW,10030,116031319
NSW,10025,116021562
NSW,10025,116021563
NSW,10048,118021569
NSW,10048,118021570
NSW,10054,119011360
NSW,10114,124041466
NSW,10114,124041467
NSW,10062,119031373
NSW,10058,119021367
NSW,10020,115041623
NSW,10020,115041624
NSW,10020,115041301
NSW,10020,115041625
NSW,10134,126021498
NSW,10134,126021499
NSW,10119,125011709
NSW,10119,125011710
NSW,10061,119031371
NSW,10061,119031374
NSW,10085,121031410
NSW,10085,121031411
NSW,10085,121031412
NSW,10117,124051580
NSW,10117,124051581
NSW,10076,120031680
NSW,10076,120031681
NSW,10076,120031576
NSW,10035,117021328
NSW,10036,117031329
NSW,10036,117031333
NSW,10036,117031336
NSW,10037,117031638
NSW,10037,117031330
NSW,10037,117031640
NSW,10005,102011039
NSW,10005,102011041
NSW,10131,125041493
NSW,10006,102011040
NSW,10006,102011042
NSW,10012,102021049
NSW,10012,102021051
NSW,10012,102021056
NSW,10095,122031692
NSW,10095,122031696
NSW,10095,122031432
NSW,10094,122031427
NSW,10094,122031429
NSW,10094,122031430
NSW,10079,121011683
NSW,10079,121011687
NSW,10013,102021057
NSW,10009,102021046
NSW,10009,102021054
NSW,10008,102021045
NSW,10008,102021050
NSW,10008,102021052
NSW,10115,124041468
NSW,10283,111031222
NSW,10225,107031136
NSW,10226,107031137
NSW,10226,107031142
NSW,10249,109011172
NSW,10250,109011173
NSW,10250,109011176
NSW,10251,109011174
NSW,10251,109011175
NSW,10211,106031119
NSW,10211,106031121
NSW,10256,110011186
NSW,10257,110011187
NSW,10257,110011189
NSW,10258,110011188
NSW,10230,107041144
NSW,10292,112011236
NSW,10293,112011237
NSW,10293,112011238
NSW,10173,103011059
NSW,10173,103011612
NSW,10173,103011613
NSW,10172,103011060
NSW,10168,101041019
NSW,10168,101041020
NSW,10188,104021083
NSW,10188,104021087
NSW,10188,104021090
NSW,10270,111011206
NSW,10271,111011207
NSW,10284,111031223
NSW,10284,111031231
NSW,10220,107011545
NSW,10220,107011546
NSW,10220,107011547
NSW,10318,114011272
NSW,10318,114011275
NSW,10182,103041076
NSW,10278,111021215
NSW,10164,101031013
NSW,10279,111021216
NSW,10279,111021218
NSW,10193,105011092
NSW,10193,105011096
NSW,10326,114021284
NSW,10326,114021288
NSW,10161,101021007
NSW,10201,106011107
NSW,10201,106011113
NSW,10195,105021097
NSW,10195,105021098
NSW,10294,112011239
NSW,10294,112011243
NSW,10236,108011151
NSW,10236,108011153
NSW,10295,112011240
NSW,10319,114011273
NSW,10319,114011274
NSW,10298,112021244
NSW,10299,112021245
NSW,10299,112021247
NSW,10202,106011108
NSW,10203,106011109
NSW,10272,111011208
NSW,10272,111011211
NSW,10194,105011093
NSW,10194,105011094
NSW,10194,105011095
NSW,10189,104021084
NSW,10189,104021085
NSW,10175,103021062
NSW,10175,103021065
NSW,10165,101031014
NSW,10166,101031015
NSW,10166,101031016
NSW,10196,105031099
NSW,10196,105031104
NSW,10196,105031105
NSW,10313,113031263
NSW,10313,113031264
NSW,10313,113031265
NSW,10313,113031266
NSW,10253,109031180
NSW,10253,109031181
NSW,10253,109031185
NSW,10231,107041145
NSW,10176,103021063
NSW,10177,103021064
NSW,10177,103021066
NSW,10177,103021069
NSW,10221,107011131
NSW,10254,109031182
NSW,10255,109031183
NSW,10255,109031184
NSW,10197,105031100
NSW,10197,105031102
NSW,10198,105031101
NSW,10199,105031103
NSW,10204,106011110
NSW,10170,101041023
NSW,10280,111021217
NSW,10296,112011241
NSW,10232,107041146
NSW,10237,108011152
NSW,10237,108011154
NSW,10259,110021190
NSW,10259,110021194
NSW,10273,111011209
NSW,10246,108051167
NSW,10246,108051170
NSW,10300,112021246
NSW,10156,101051539
NSW,10157,101051540
NSW,10185,104011080
NSW,10186,104011081
NSW,10308,113011256
NSW,10309,113011257
NSW,10264,110041199
NSW,10264,110041200
NSW,10285,111031224
NSW,10285,111031235
NSW,10233,107041147
NSW,10233,107041148
NSW,10327,114021285
NSW,10327,114021289
NSW,10222,107011132
NSW,10320,114011276
NSW,10320,114011281
NSW,10224,107021135
NSW,10260,110021193
NSW,10261,110021191
NSW,10261,110021192
NSW,10162,101021008
NSW,10162,101021009
NSW,10162,101021010
NSW,10238,108021155
NSW,10239,108021156
NSW,10239,108021159
NSW,10239,108021160
NSW,10227,107031138
NSW,10227,107031139
NSW,10227,107031140
NSW,10303,112031250
NSW,10303,112031253
NSW,10190,104021086
NSW,10190,104021088
NSW,10205,106011111
NSW,10286,111031225
NSW,10242,108041162
NSW,10310,113011258
NSW,10310,113011259
NSW,10212,106031120
NSW,10297,112011242
NSW,10301,112021248
NSW,10302,112021249
NSW,10180,103031070
NSW,10180,103031073
NSW,10180,103031075
NSW,10179,103031071
NSW,10241,108031161
NSW,10252,109021177
NSW,10252,109021178
NSW,10252,109021179
NSW,10240,108021157
NSW,10240,108021158
NSW,10187,104011082
NSW,10207,106021614
NSW,10207,106021617
NSW,10208,106021116
NSW,10209,106021114
NSW,10209,106021615
NSW,10209,106021616
NSW,10287,111031226
NSW,10288,111031227
NSW,10288,111031234
NSW,10289,111031228
NSW,10289,111031229
NSW,10171,101041025
NSW,10328,114021286
NSW,10262,110031195
NSW,10263,110031196
NSW,10263,110031197
NSW,10263,110031198
NSW,10329,114021287
NSW,10274,111011210
NSW,10181,103031072
NSW,10181,103031074
NSW,10304,112031251
NSW,10305,112031252
NSW,10217,106041126
NSW,10218,106041127
NSW,10321,114011277
NSW,10322,114011278
NSW,10174,103011061
NSW,10247,108051168
NSW,10183,103041077
NSW,10184,103041078
NSW,10184,103041079
NSW,10178,103021067
NSW,10178,103021068
NSW,10223,107011133
NSW,10223,107011134
NSW,10243,108041619
NSW,10243,108041620
NSW,10244,108041164
NSW,10245,108041165
NSW,10245,108041166
NSW,10163,101021610
NSW,10163,101021611
NSW,10163,101021012
NSW,10265,110041201
NSW,10213,106031122
NSW,10191,104021089
NSW,10219,106041128
NSW,10219,106041129
NSW,10214,106031123
NSW,10228,107031141
NSW,10206,106011112
NSW,10167,101041017
NSW,10167,101041018
NSW,10167,101041021
NSW,10169,101041022
NSW,10169,101041024
NSW,10169,101041026
NSW,10169,101041027
NSW,10323,114011279
NSW,10323,114011280
NSW,10290,111031230
NSW,10290,111031232
NSW,10275,111011212
NSW,10266,110041202
NSW,10267,110041203
NSW,10268,110041204
NSW,10269,110041205
NSW,10248,108051169
NSW,10248,108051171
NSW,10215,106031124
NSW,10210,106021618
NSW,10281,111021219
NSW,10281,111021221
NSW,10311,113021260
NSW,10311,113021262
NSW,10312,113021261
NSW,10306,112031254
NSW,10307,112031550
NSW,10307,112031551
NSW,10307,112031552
NSW,10324,114011282
NSW,10325,114011283
NSW,10276,111011213
NSW,10314,113031267
NSW,10314,113031268
NSW,10315,113031269
NSW,10316,113031270
NSW,10317,113031271
NSW,10291,111031233
NSW,10282,111021220
NSW,10229,107031143
NSW,10277,111011214
NSW,10200,105031106
NSW,10216,106031125
NSW,10234,107041548
NSW,10234,107041549
NSW,10192,104021091
NSW,10235,107041150
NSW,10158,101061541
NSW,10159,101061542
NSW,10160,101061543
NSW,10160,101061544
VIC,20022,206071139
VIC,20022,206071145
VIC,20076,210011226
VIC,20076,210011533
VIC,20076,210011227
VIC,20076,210011534
VIC,20015,206051128
VIC,20003,206021110
VIC,20003,206021499
VIC,20003,206021500
VIC,20151,213021341
VIC,20152,213021342
VIC,20153,213021343
VIC,20142,213011328
VIC,20142,213011336
VIC,20142,213011338
VIC,20020,206061135
VIC,20020,206061138
VIC,20005,206031113
VIC,20026,207011146
VIC,20137,212051319
VIC,20137,212051326
VIC,20160,213041353
VIC,20027,207011147
VIC,20027,207011148
VIC,20100,211031263
VIC,20100,211031267
VIC,20094,211011251
VIC,20094,211011446
VIC,20094,211011449
VIC,20114,212011546
VIC,20114,212011289
VIC,20039,208011168
VIC,20039,208011173
VIC,20043,208021174
VIC,20043,208021426
VIC,20043,208021427
VIC,20118,212021293
VIC,20118,212021299
VIC,20119,212021553
VIC,20119,212021554
VIC,20035,207031161
VIC,20035,207031162
VIC,20036,207031163
VIC,20036,207031164
VIC,20156,213031347
VIC,20040,208011169
VIC,20040,208011170
VIC,20087,210051242
VIC,20000,206011107
VIC,20000,206011109
VIC,20001,206011495
VIC,20001,206011496
VIC,20001,206011106
VIC,20032,207021156
VIC,20032,207021157
VIC,20054,209011196
VIC,20054,209011204
VIC,20068,209041216
VIC,20069,209041217
VIC,20115,212011547
VIC,20037,207031165
VIC,20037,207031166
VIC,20143,213011329
VIC,20028,207011149
VIC,20028,207011155
VIC,20088,210051243
VIC,20008,206041117
VIC,20023,206071140
VIC,20023,206071143
VIC,20044,208021176
VIC,20044,208021182
VIC,20161,213041461
VIC,20161,213041462
VIC,20161,213041463
VIC,20050,208031185
VIC,20172,214011370
VIC,20172,214011375
VIC,20045,208021177
VIC,20045,208021178
VIC,20051,208031186
VIC,20051,208031187
VIC,20041,208011171
VIC,20108,211051275
VIC,20108,211051280
VIC,20108,211051281
VIC,20130,212041309
VIC,20130,212041310
VIC,20138,212051568
VIC,20138,212051567
VIC,20002,206011497
VIC,20002,206011498
VIC,20082,210031236
VIC,20024,206071141
VIC,20024,206071142
VIC,20089,210051441
VIC,20089,210051442
VIC,20089,210051542
VIC,20089,210051443
VIC,20089,210051543
VIC,20124,212031555
VIC,20124,212031556
VIC,20124,212031557
VIC,20124,212031558
VIC,20124,212031303
VIC,20125,212031559
VIC,20125,212031560
VIC,20126,212031300
VIC,20126,212031304
VIC,20101,211031450
VIC,20101,211031451
VIC,20101,211031452
VIC,20102,211031265
VIC,20102,211031268
VIC,20131,212041563
VIC,20131,212041564
VIC,20132,212041312
VIC,20132,212041316
VIC,20144,213011569
VIC,20144,213011570
VIC,20145,213011331
VIC,20133,212041313
VIC,20009,206041118
VIC,20009,206041507
VIC,20009,206041509
VIC,20009,206041508
VIC,20009,206041127
VIC,20033,207021424
VIC,20033,207021425
VIC,20099,211021261
VIC,20099,211021262
VIC,20074,209041527
VIC,20074,209041528
VIC,20074,209041531
VIC,20074,209041532
VIC,20074,209041435
VIC,20120,212021295
VIC,20177,214021377
VIC,20010,206041119
VIC,20010,206041125
VIC,20046,208021179
VIC,20064,209031209
VIC,20016,206051129
VIC,20121,212021453
VIC,20121,212021454
VIC,20070,209041431
VIC,20070,209041432
VIC,20070,209041433
VIC,20070,209041437
VIC,20006,206031502
VIC,20006,206031501
VIC,20006,206031116
VIC,20083,210031237
VIC,20095,211011447
VIC,20095,211011448
VIC,20007,206031115
VIC,20011,206041120
VIC,20011,206041121
VIC,20178,214021378
VIC,20178,214021382
VIC,20157,213031348
VIC,20157,213031351
VIC,20104,211041269
VIC,20173,214011371
VIC,20174,214011372
VIC,20175,214011373
VIC,20080,210021232
VIC,20080,210021233
VIC,20080,210021234
VIC,20090,210051245
VIC,20090,210051250
VIC,20029,207011150
VIC,20139,212051321
VIC,20139,212051327
VIC,20140,212051322
VIC,20140,212051325
VIC,20084,210031535
VIC,20084,210031536
VIC,20084,210031439
VIC,20084,210031440
VIC,20055,209011197
VIC,20055,209011202
VIC,20091,210051246
VIC,20091,210051248
VIC,20122,212021297
VIC,20042,208011172
VIC,20127,212031561
VIC,20127,212031562
VIC,20179,214021379
VIC,20030,207011519
VIC,20030,207011520
VIC,20030,207011152
VIC,20109,211051276
VIC,20056,209011198
VIC,20056,209011203
VIC,20057,209011199
VIC,20162,213041574
VIC,20162,213041575
VIC,20162,213041360
VIC,20165,213051361
VIC,20165,213051586
VIC,20165,213051587
VIC,20165,213051588
VIC,20166,213051362
VIC,20166,213051368
VIC,20047,208021180
VIC,20065,209031210
VIC,20065,209031212
VIC,20065,209031214
VIC,20058,209011200
VIC,20059,209011201
VIC,20077,210011228
VIC,20146,213011332
VIC,20031,207011521
VIC,20031,207011522
VIC,20031,207011154
VIC,20134,212041565
VIC,20134,212041566
VIC,20110,211051277
VIC,20066,209031211
VIC,20060,209021205
VIC,20049,208031183
VIC,20049,208031184
VIC,20049,208031189
VIC,20049,208031193
VIC,20052,208031188
VIC,20052,208031190
VIC,20052,208031191
VIC,20052,208031192
VIC,20096,211011254
VIC,20116,212011548
VIC,20071,209041529
VIC,20071,209041530
VIC,20071,209041223
VIC,20176,214011374
VIC,20176,214011376
VIC,20167,213051363
VIC,20111,211051278
VIC,20111,211051285
VIC,20128,212031306
VIC,20097,211011255
VIC,20097,211011256
VIC,20097,211011257
VIC,20097,211011258
VIC,20053,208041194
VIC,20053,208041195
VIC,20158,213031349
VIC,20092,210051247
VIC,20012,206041503
VIC,20012,206041504
VIC,20012,206041505
VIC,20163,213041358
VIC,20164,213041571
VIC,20164,213041572
VIC,20164,213041573
VIC,20164,213041576
VIC,20164,213041577
VIC,20072,209041220
VIC,20073,209041221
VIC,20105,211041270
VIC,20105,211041272
VIC,20105,211041273
VIC,20112,211051279
VIC,20112,211051283
VIC,20180,214021591
VIC,20180,214021592
VIC,20180,214021385
VIC,20181,214021381
VIC,20141,212051323
VIC,20141,212051324
VIC,20048,208021181
VIC,20123,212021455
VIC,20123,212021456
VIC,20129,212031457
VIC,20129,212031458
VIC,20154,213021344
VIC,20154,213021346
VIC,20078,210011230
VIC,20135,212041459
VIC,20135,212041460
VIC,20013,206041506
VIC,20013,206041510
VIC,20106,211041271
VIC,20085,210031537
VIC,20085,210031538
VIC,20117,212011549
VIC,20117,212011550
VIC,20117,212011551
VIC,20117,212011552
VIC,20014,206041124
VIC,20067,209031213
VIC,20067,209031215
VIC,20168,213051464
VIC,20168,213051580
VIC,20168,213051581
VIC,20168,213051466
VIC,20182,214021383
VIC,20017,206051130
VIC,20017,206051511
VIC,20021,206061136
VIC,20021,206061515
VIC,20021,206061516
VIC,20061,209021428
VIC,20061,209021429
VIC,20062,209021523
VIC,20062,209021525
VIC,20063,209021524
VIC,20063,209021526
VIC,20025,206071518
VIC,20025,206071517
VIC,20103,211031266
VIC,20081,210021235
VIC,20183,214021384
VIC,20093,210051545
VIC,20093,210051544
VIC,20155,213021345
VIC,20159,213031350
VIC,20159,213031352
VIC,20018,206051512
VIC,20136,212041317
VIC,20136,212041318
VIC,20147,213011333
VIC,20147,213011334
VIC,20148,213011335
VIC,20148,213011337
VIC,20019,206051513
VIC,20019,206051514
VIC,20019,206051134
VIC,20079,210011231
VIC,20086,210041539
VIC,20086,210041240
VIC,20086,210041540
VIC,20086,210041541
VIC,20038,207031167
VIC,20149,213011339
VIC,20169,213051583
VIC,20169,213051584
VIC,20169,213051585
VIC,20169,213051582
VIC,20150,213011340
VIC,20034,207021159
VIC,20034,207021160
VIC,20004,206021112
VIC,20075,209041224
VIC,20075,209041225
VIC,20098,211011259
VIC,20098,211011260
VIC,20170,213051467
VIC,20170,213051468
VIC,20171,213051579
VIC,20171,213051589
VIC,20171,213051590
VIC,20107,211051274
VIC,20107,211051282
VIC,20107,211051284
VIC,20113,211051286
VIC,20222,204011054
VIC,20222,204011055
VIC,20222,204011058
VIC,20222,204011061
VIC,20184,201011001
VIC,20184,201011005
VIC,20184,201011007
VIC,20238,205021080
VIC,20238,205021082
VIC,20238,205021085
VIC,20238,205021086
VIC,20247,205051099
VIC,20247,205051101
VIC,20247,205051102
VIC,20250,215011387
VIC,20251,215011386
VIC,20251,215011391
VIC,20251,215011392
VIC,20192,201031013
VIC,20192,201031014
VIC,20192,201031017
VIC,20189,201021009
VIC,20189,201021012
VIC,20239,205021081
VIC,20239,205021083
VIC,20239,205021084
VIC,20185,201011002
VIC,20187,201011483
VIC,20187,201011006
VIC,20187,201011484
VIC,20186,201011481
VIC,20186,201011482
VIC,20208,203011034
VIC,20208,203011035
VIC,20208,203011036
VIC,20231,204031068
VIC,20231,204031070
VIC,20209,203021037
VIC,20209,203021039
VIC,20227,204021063
VIC,20228,204021064
VIC,20228,204021067
VIC,20195,202011018
VIC,20197,202011020
VIC,20197,202011021
VIC,20197,202011025
VIC,20206,202031032
VIC,20201,202021026
VIC,20232,204031069
VIC,20232,204031072
VIC,20259,215031400
VIC,20259,215031401
VIC,20259,215031402
VIC,20196,202011019
VIC,20271,217031471
VIC,20271,217031474
VIC,20202,202021027
VIC,20202,202021028
VIC,20244,205041094
VIC,20218,203031048
VIC,20264,216021411
VIC,20264,216021413
VIC,20272,217031472
VIC,20273,217031473
VIC,20273,217031475
VIC,20273,217031476
VIC,20210,203021486
VIC,20210,203021488
VIC,20190,201021010
VIC,20191,201021011
VIC,20236,205011076
VIC,20262,216011406
VIC,20262,216011408
VIC,20240,205031087
VIC,20240,205031089
VIC,20240,205031090
VIC,20240,205031092
VIC,20241,205031088
VIC,20211,203021040
VIC,20269,217011420
VIC,20269,217011422
VIC,20193,201031015
VIC,20212,203021485
VIC,20212,203021487
VIC,20270,217011421
VIC,20270,217011423
VIC,20203,202021029
VIC,20213,203021042
VIC,20213,203021046
VIC,20252,215011388
VIC,20253,215011389
VIC,20255,215021395
VIC,20255,215021398
VIC,20198,202011022
VIC,20266,216031593
VIC,20266,216031415
VIC,20266,216031594
VIC,20223,204011056
VIC,20223,204011062
VIC,20263,216011407
VIC,20263,216011409
VIC,20263,216011410
VIC,20204,202021030
VIC,20214,203021043
VIC,20215,203021044
VIC,20207,202031033
VIC,20248,205051100
VIC,20248,205051104
VIC,20219,203031049
VIC,20219,203031053
VIC,20199,202011023
VIC,20224,204011057
VIC,20194,201031016
VIC,20256,215021396
VIC,20257,215021469
VIC,20257,215021470
VIC,20245,205041095
VIC,20245,205041096
VIC,20265,216021412
VIC,20265,216021414
VIC,20237,205011077
VIC,20237,205011078
VIC,20237,205011079
VIC,20274,217041477
VIC,20274,217041478
VIC,20233,204031071
VIC,20216,203021045
VIC,20254,215011390
VIC,20254,215011393
VIC,20254,215011394
VIC,20217,203021047
VIC,20220,203031489
VIC,20220,203031490
VIC,20220,203031052
VIC,20242,205031091
VIC,20221,203031051
VIC,20258,215021399
VIC,20260,215031403
VIC,20229,204021065
VIC,20249,205051103
VIC,20225,204011059
VIC,20226,204011060
VIC,20267,216031416
VIC,20267,216031419
VIC,20268,216031418
VIC,20200,202011024
VIC,20261,215031404
VIC,20261,215031405
VIC,20246,205041493
VIC,20246,205041494
VIC,20246,205041098
VIC,20230,204021066
VIC,20275,217041479
VIC,20275,217041480
VIC,20188,201011008
VIC,20234,204031491
VIC,20234,204031073
VIC,20234,204031492
VIC,20243,205031093
VIC,20205,202021031
VIC,20235,204031075
QLD,30107,314011382
QLD,30107,314011385
QLD,30000,301011001
QLD,30000,301011004
QLD,30036,303051072
QLD,30036,303051073
QLD,30026,303021052
QLD,30026,303021055
QLD,30059,305031121
QLD,30059,305031122
QLD,30059,305031124
QLD,30059,305031125
QLD,30060,305041132
QLD,30060,305041134
QLD,30014,302021027
QLD,30014,302021029
QLD,30014,302021030
QLD,30061,305041133
QLD,30061,305041137
QLD,30012,302011022
QLD,30012,302011024
QLD,30054,305021113
QLD,30054,305021114
QLD,30054,305021116
QLD,30095,313011362
QLD,30079,311011305
QLD,30080,311021306
QLD,30080,311021307
QLD,30075,310041565
QLD,30075,310041566
QLD,30075,310041303
QLD,30001,301011002
QLD,30001,301011003
QLD,30001,301011005
QLD,30088,311051323
QLD,30088,311051326
QLD,30088,311051328
QLD,30066,310021277
QLD,30066,310021282
QLD,30082,311031311
QLD,30082,311031315
QLD,30019,302041041
QLD,30069,310031283
QLD,30069,310031291
QLD,30114,314031391
QLD,30114,314031394
QLD,30096,313011363
QLD,30013,302011023
QLD,30013,302011025
QLD,30013,302011026
QLD,30020,302041042
QLD,30020,302041044
QLD,30050,305011105
QLD,30050,305011108
QLD,30057,305031119
QLD,30057,305031128
QLD,30057,305031130
QLD,30057,305031131
QLD,30058,305031120
QLD,30058,305031123
QLD,30058,305031126
QLD,30058,305031127
QLD,30058,305031129
QLD,30008,301031014
QLD,30008,301031020
QLD,30083,311031312
QLD,30083,311031314
QLD,30083,311031317
QLD,30070,310031284
QLD,30070,310031295
QLD,30101,313041372
QLD,30098,313021572
QLD,30098,313021573
QLD,30097,313021364
QLD,30097,313021366
QLD,30097,313021368
QLD,30023,303011047
QLD,30024,303011048
QLD,30024,303011049
QLD,30024,303011050
QLD,30025,303011051
QLD,30108,314011383
QLD,30108,314011384
QLD,30041,304011081
QLD,30041,304011084
QLD,30042,304011082
QLD,30042,304011083
QLD,30042,304011085
QLD,30084,311031313
QLD,30084,311031318
QLD,30044,304021088
QLD,30044,304021089
QLD,30044,304021090
QLD,30045,304031092
QLD,30045,304031093
QLD,30045,304031095
QLD,30015,302021028
QLD,30071,310031285
QLD,30071,310031293
QLD,30071,310031294
QLD,30003,301021007
QLD,30003,301021008
QLD,30104,313051377
QLD,30104,313051380
QLD,30033,303041067
QLD,30033,303041069
QLD,30027,303021053
QLD,30089,311051324
QLD,30089,311051327
QLD,30091,311061329
QLD,30091,311061334
QLD,30111,314021576
QLD,30111,314021577
QLD,30063,310011271
QLD,30063,310011272
QLD,30063,310011275
QLD,30021,302041043
QLD,30021,302041045
QLD,30102,313041373
QLD,30055,305021115
QLD,30055,305021118
QLD,30081,311021308
QLD,30081,311021309
QLD,30081,311021310
QLD,30030,303031060
QLD,30099,313021367
QLD,30099,313021369
QLD,30049,304041098
QLD,30049,304041100
QLD,30049,304041101
QLD,30067,310021278
QLD,30067,310021279
QLD,30067,310021281
QLD,30028,303021054
QLD,30028,303021058
QLD,30028,303021059
QLD,30064,310011563
QLD,30064,310011564
QLD,30051,305011106
QLD,30051,305011111
QLD,30086,311041568
QLD,30086,311041569
QLD,30052,305011107
QLD,30052,305011110
QLD,30052,305011112
QLD,30085,311031316
QLD,30085,311031319
QLD,30029,303021056
QLD,30029,303021057
QLD,30065,310011274
QLD,30065,310011276
QLD,30046,304031094
QLD,30046,304031097
QLD,30072,310031286
QLD,30072,310031292
QLD,30073,310031287
QLD,30074,310031288
QLD,30074,310031289
QLD,30074,310031290
QLD,30087,311041567
QLD,30087,311041570
QLD,30087,311041322
QLD,30087,311041571
QLD,30016,302021031
QLD,30016,302021034
QLD,30043,304021086
QLD,30043,304021087
QLD,30043,304021091
QLD,30100,313031370
QLD,30100,313031371
QLD,30092,311061330
QLD,30092,311061333
QLD,30039,303061077
QLD,30039,303061078
QLD,30115,314031392
QLD,30115,314031393
QLD,30068,310021280
QLD,30093,311061331
QLD,30093,311061336
QLD,30090,311051325
QLD,30113,314021578
QLD,30113,314021579
QLD,30009,301031015
QLD,30009,301031016
QLD,30009,301031019
QLD,30032,303031062
QLD,30032,303031064
QLD,30032,303031066
QLD,30105,313051378
QLD,30105,313051379
QLD,30034,303041068
QLD,30034,303041070
QLD,30103,313041374
QLD,30103,313041375
QLD,30103,313041376
QLD,30106,313051574
QLD,30106,313051575
QLD,30056,305021117
QLD,30031,303031061
QLD,30031,303031063
QLD,30031,303031065
QLD,30010,301031017
QLD,30010,301031018
QLD,30112,314021389
QLD,30077,310041301
QLD,30077,310041302
QLD,30053,305011109
QLD,30005,301021550
QLD,30005,301021551
QLD,30018,302031035
QLD,30018,302031036
QLD,30018,302031037
QLD,30018,302031038
QLD,30018,302031039
QLD,30062,305041135
QLD,30062,305041136
QLD,30037,303051074
QLD,30037,303051075
QLD,30004,301021009
QLD,30004,301021011
QLD,30094,311061332
QLD,30094,311061335
QLD,30038,303051076
QLD,30110,314011387
QLD,30076,310041297
QLD,30076,310041298
QLD,30076,310041299
QLD,30076,310041300
QLD,30078,310041304
QLD,30047,304031096
QLD,30017,302021032
QLD,30017,302021033
QLD,30040,303061079
QLD,30040,303061080
QLD,30035,303041071
QLD,30048,304041099
QLD,30048,304041102
QLD,30048,304041103
QLD,30048,304041104
QLD,30109,314011386
QLD,30006,301021012
QLD,30007,301021013
QLD,30002,301011006
QLD,30011,301031021
QLD,30022,302041046
QLD,30137,308051530
QLD,30137,308051535
QLD,30182,312031359
QLD,30182,312031360
QLD,30182,312031361
QLD,30214,318021467
QLD,30214,318021472
QLD,30214,318021485
QLD,30176,312021342
QLD,30176,312021347
QLD,30176,312021349
QLD,30176,312021355
QLD,30215,318021468
QLD,30215,318021474
QLD,30215,318021487
QLD,30190,316021417
QLD,30190,316021419
QLD,30190,316021422
QLD,30152,309031235
QLD,30223,319011492
QLD,30223,319011493
QLD,30223,319011496
QLD,30170,309091263
QLD,30170,309091264
QLD,30170,309091265
QLD,30126,306051166
QLD,30126,306051167
QLD,30126,306051169
QLD,30212,318011460
QLD,30212,318011461
QLD,30123,306031158
QLD,30123,306031159
QLD,30123,306031163
QLD,30128,307011171
QLD,30128,307011173
QLD,30128,307011174
QLD,30128,307011178
QLD,30138,308041528
QLD,30138,308041529
QLD,30186,315031408
QLD,30186,315031412
QLD,30202,316061439
QLD,30202,316061441
QLD,30172,309101267
QLD,30172,309101268
QLD,30118,306021144
QLD,30118,306021153
QLD,30141,308031205
QLD,30141,308031211
QLD,30141,308031217
QLD,30153,309031236
QLD,30153,309031237
QLD,30196,316071545
QLD,30196,316071546
QLD,30196,316071547
QLD,30217,318021470
QLD,30217,318021482
QLD,30232,319041516
QLD,30232,319041517
QLD,30232,319041518
QLD,30232,319041519
QLD,30142,308031206
QLD,30142,308031210
QLD,30142,308031212
QLD,30174,312011337
QLD,30174,312011340
QLD,30139,308051531
QLD,30139,308051533
QLD,30139,308051536
QLD,30139,308051537
QLD,30139,308051538
QLD,30224,319011494
QLD,30224,319011498
QLD,30116,306011138
QLD,30116,306011140
QLD,30116,306011141
QLD,30146,309011224
QLD,30146,309011227
QLD,30175,312011338
QLD,30175,312011339
QLD,30175,312011341
QLD,30188,316011413
QLD,30188,316011414
QLD,30225,319011499
QLD,30225,319011501
QLD,30225,319011502
QLD,30226,319011495
QLD,30226,319011497
QLD,30226,319011500
QLD,30219,318021582
QLD,30219,318021583
QLD,30147,309011225
QLD,30147,309011226
QLD,30227,319021503
QLD,30227,319021504
QLD,30227,319021508
QLD,30227,319021510
QLD,30234,319051522
QLD,30234,319051523
QLD,30234,319051525
QLD,30117,306011139
QLD,30117,306011142
QLD,30117,306011143
QLD,30119,306021145
QLD,30119,306021156
QLD,30140,308051532
QLD,30140,308051534
QLD,30140,308051539
QLD,30191,316021418
QLD,30191,316021423
QLD,30191,316021424
QLD,30192,316021580
QLD,30192,316021421
QLD,30192,316021581
QLD,30203,316061440
QLD,30203,316061443
QLD,30205,317011445
QLD,30205,317011449
QLD,30205,317011458
QLD,30184,315021404
QLD,30184,315021406
QLD,30184,315021407
QLD,30159,309061246
QLD,30159,309061247
QLD,30159,309061250
QLD,30135,308011190
QLD,30135,308011191
QLD,30187,315031409
QLD,30187,315031410
QLD,30187,315031411
QLD,30213,318011462
QLD,30213,318011463
QLD,30213,318011464
QLD,30213,318011465
QLD,30213,318011466
QLD,30129,307011172
QLD,30129,307011175
QLD,30129,307011176
QLD,30129,307011177
QLD,30167,309081259
QLD,30167,309081260
QLD,30132,307031184
QLD,30132,307031185
QLD,30132,307031186
QLD,30218,318021471
QLD,30218,318021480
QLD,30149,309021230
QLD,30149,309021231
QLD,30230,319031511
QLD,30230,319031514
QLD,30230,319031515
QLD,30193,316031425
QLD,30193,316031426
QLD,30162,309071251
QLD,30162,309071253
QLD,30130,307021179
QLD,30130,307021180
QLD,30157,309051243
QLD,30157,309051245
QLD,30150,309021232
QLD,30150,309021233
QLD,30125,306041164
QLD,30125,306041165
QLD,30206,317011446
QLD,30207,317011447
QLD,30207,317011456
QLD,30120,306021146
QLD,30120,306021149
QLD,30120,306021150
QLD,30177,312021343
QLD,30177,312021346
QLD,30177,312021356
QLD,30177,312021358
QLD,30121,306021147
QLD,30121,306021148
QLD,30121,306021155
QLD,30178,312021344
QLD,30178,312021348
QLD,30178,312021354
QLD,30136,308011192
QLD,30143,308031207
QLD,30143,308031218
QLD,30143,308031223
QLD,30183,315011395
QLD,30183,315011396
QLD,30183,315011397
QLD,30183,315011398
QLD,30183,315011399
QLD,30220,318021475
QLD,30220,318021476
QLD,30220,318021477
QLD,30220,318021481
QLD,30208,317011448
QLD,30208,317011451
QLD,30156,309041241
QLD,30156,309041242
QLD,30231,319031512
QLD,30231,319031513
QLD,30163,309071252
QLD,30221,318021478
QLD,30221,318021479
QLD,30221,318021483
QLD,30221,318021488
QLD,30221,318021491
QLD,30209,317011450
QLD,30124,306031160
QLD,30124,306031161
QLD,30124,306031162
QLD,30228,319021506
QLD,30228,319021509
QLD,30229,319021505
QLD,30229,319021507
QLD,30127,306051168
QLD,30127,306051170
QLD,30154,309031238
QLD,30204,316061442
QLD,30204,316061444
QLD,30173,309101269
QLD,30173,309101561
QLD,30173,309101562
QLD,30122,306021151
QLD,30122,306021152
QLD,30122,306021154
QLD,30122,306021157
QLD,30194,316031427
QLD,30235,319051524
QLD,30235,319051526
QLD,30148,309011228
QLD,30148,309011229
QLD,30210,317011452
QLD,30210,317011455
QLD,30210,317011457
QLD,30131,307021181
QLD,30131,307021182
QLD,30131,307021183
QLD,30195,316031428
QLD,30185,315021405
QLD,30216,318021469
QLD,30216,318021484
QLD,30216,318021490
QLD,30189,316011415
QLD,30189,316011416
QLD,30158,309051244
QLD,30198,316071548
QLD,30160,309061248
QLD,30211,317011453
QLD,30211,317011454
QLD,30211,317011459
QLD,30199,316051434
QLD,30199,316051435
QLD,30197,316081549
QLD,30222,318021486
QLD,30222,318021489
QLD,30180,312021350
QLD,30180,312021357
QLD,30165,309071552
QLD,30165,309071553
QLD,30166,309071256
QLD,30161,309061249
QLD,30151,309021234
QLD,30155,309031239
QLD,30155,309031240
QLD,30200,316051543
QLD,30200,316051544
QLD,30200,316051437
QLD,30179,312021345
QLD,30179,312021351
QLD,30179,312021353
QLD,30168,309081559
QLD,30168,309081560
QLD,30145,308031214
QLD,30145,308031215
QLD,30145,308031216
QLD,30145,308031222
QLD,30144,308031208
QLD,30144,308031209
QLD,30144,308031213
QLD,30144,308031219
QLD,30144,308031220
QLD,30181,312021352
QLD,30171,309091540
QLD,30171,309091541
QLD,30133,307031187
QLD,30133,307031188
QLD,30201,316051438
QLD,30233,319041520
QLD,30233,319041521
QLD,30164,309071254
QLD,30164,309071554
QLD,30164,309071555
QLD,30164,309071557
QLD,30164,309071556
QLD,30169,309081262
QLD,30134,307031189
SA,40044,403041071
SA,40044,403041076
SA,40044,403041077
SA,40000,401011001
SA,40061,404031104
SA,40061,404031106
SA,40002,401021003
SA,40002,401021006
SA,40003,401021004
SA,40003,401021010
SA,40045,403041072
SA,40008,401041014
SA,40041,403031065
SA,40041,403031066
SA,40041,403031067
SA,40053,404011090
SA,40053,404011093
SA,40037,403011056
SA,40037,403011057
SA,40006,401031011
SA,40056,404011094
SA,40056,404011097
SA,40046,403041073
SA,40046,403041079
SA,40047,403041074
SA,40047,403041082
SA,40048,403041075
SA,40048,403041083
SA,40048,403041088
SA,40042,403031068
SA,40042,403031069
SA,40020,402021029
SA,40027,402041039
SA,40027,402041171
SA,40027,402041172
SA,40058,404021098
SA,40058,404021101
SA,40058,404021102
SA,40038,403021058
SA,40038,403021062
SA,40021,402021031
SA,40022,402021030
SA,40022,402021034
SA,40024,402031036
SA,40054,404011091
SA,40054,404011095
SA,40062,404031105
SA,40062,404031109
SA,40016,402011025
SA,40017,402011026
SA,40007,401031012
SA,40007,401031013
SA,40032,402051049
SA,40032,402051050
SA,40014,401071023
SA,40049,403041078
SA,40049,403041087
SA,40004,401021005
SA,40004,401021008
SA,40004,401021009
SA,40050,403041080
SA,40050,403041081
SA,40050,403041089
SA,40055,404011092
SA,40033,402051051
SA,40034,402051052
SA,40028,402041040
SA,40059,404021099
SA,40059,404021100
SA,40018,402011027
SA,40039,403021059
SA,40039,403021060
SA,40039,403021063
SA,40040,403021061
SA,40040,403021064
SA,40035,402051053
SA,40035,402051054
SA,40051,403041084
SA,40051,403041085
SA,40005,401021007
SA,40013,401061020
SA,40013,401061021
SA,40013,401061022
SA,40001,401011002
SA,40025,402031037
SA,40011,401051017
SA,40011,401051019
SA,40023,402021033
SA,40043,403031070
SA,40029,402041041
SA,40029,402041047
SA,40009,401041015
SA,40030,402041042
SA,40030,402041043
SA,40030,402041044
SA,40012,401051018
SA,40019,402021028
SA,40019,402021032
SA,40019,402021035
SA,40063,404031107
SA,40052,403041086
SA,40064,404031108
SA,40010,401041016
SA,40031,402041046
SA,40031,402041048
SA,40036,402051055
SA,40060,404021103
SA,40015,401071024
SA,40057,404011096
SA,40026,402031038
SA,40082,406021138
SA,40097,407031159
SA,40097,407031160
SA,40065,405011110
SA,40065,405011112
SA,40077,406011129
SA,40077,406011134
SA,40077,406011135
SA,40068,405021116
SA,40068,405021117
SA,40083,406021139
SA,40083,406021141
SA,40078,406011130
SA,40078,406011132
SA,40089,407011144
SA,40089,407011148
SA,40089,407011149
SA,40069,405021118
SA,40090,407021150
SA,40071,405031120
SA,40071,405031123
SA,40074,405041124
SA,40074,405041125
SA,40086,407011145
SA,40098,407031161
SA,40098,407031169
SA,40079,406011131
SA,40091,407021151
SA,40091,407021157
SA,40066,405011111
SA,40066,405011113
SA,40099,407031162
SA,40099,407031163
SA,40099,407031168
SA,40100,407031164
SA,40100,407031166
SA,40092,407021152
SA,40093,407021173
SA,40093,407021174
SA,40101,407031165
SA,40094,407021154
SA,40095,407021155
SA,40067,405011114
SA,40067,405011115
SA,40096,407021156
SA,40096,407021158
SA,40072,405031121
SA,40084,406021142
SA,40084,406021140
SA,40080,406011133
SA,40073,405031122
SA,40102,407031167
SA,40085,406021143
SA,40087,407011146
SA,40088,407011147
SA,40103,407031170
SA,40070,405021119
SA,40075,405041126
SA,40081,406011136
SA,40081,406011137
SA,40076,405041127
SA,40076,405041128
WA,50072,507041175
WA,50072,507041176
WA,50072,507041178
WA,50046,506011111
WA,50046,506011115
WA,50046,506011116
WA,50045,506011110
WA,50033,505021084
WA,50033,505021087
WA,50033,505021091
WA,50033,505021093
WA,50033,505021095
WA,50076,507051185
WA,50076,507051191
WA,50034,505021085
WA,50034,505021090
WA,50020,504031055
WA,50020,504031056
WA,50020,504031058
WA,50020,504031064
WA,50020,504031069
WA,50063,507011148
WA,50063,507011260
WA,50063,507011161
WA,50013,504011044
WA,50015,504011045
WA,50015,504011046
WA,50055,506041132
WA,50055,506041134
WA,50055,506041136
WA,50021,504031057
WA,50021,504031063
WA,50064,507011259
WA,50064,507011155
WA,50064,507011163
WA,50050,506021118
WA,50050,506021120
WA,50050,506021121
WA,50050,506021122
WA,50073,507041177
WA,50073,507041181
WA,50073,507041184
WA,50074,507041179
WA,50074,507041180
WA,50074,507041182
WA,50039,505031099
WA,50039,505031101
WA,50039,505031106
WA,50060,506061142
WA,50060,506061143
WA,50060,506061144
WA,50047,506011112
WA,50047,506011114
WA,50052,506031124
WA,50052,506031127
WA,50052,506031130
WA,50053,506031125
WA,50053,506031126
WA,50053,506031129
WA,50053,506031131
WA,50056,506041133
WA,50056,506041135
WA,50040,505031100
WA,50040,505031107
WA,50017,504021049
WA,50017,504021052
WA,50017,504021053
WA,50006,503011030
WA,50006,503011033
WA,50061,506071145
WA,50061,506071147
WA,50066,507011152
WA,50066,507011158
WA,50065,507011150
WA,50065,507011151
WA,50065,507011153
WA,50065,507011159
WA,50077,507051186
WA,50077,507051188
WA,50077,507051189
WA,50008,503011035
WA,50008,503011036
WA,50007,503011031
WA,50007,503011032
WA,50007,503011034
WA,50026,505011070
WA,50027,505011071
WA,50000,502011021
WA,50000,502011022
WA,50035,505021086
WA,50035,505021097
WA,50028,505011072
WA,50028,505011075
WA,50028,505011082
WA,50068,507021164
WA,50068,507021165
WA,50022,504031059
WA,50022,504031060
WA,50022,504031068
WA,50048,506011113
WA,50058,506051138
WA,50058,506051139
WA,50069,507021166
WA,50069,507021167
WA,50018,504021050
WA,50018,504021051
WA,50001,502011023
WA,50001,502011025
WA,50001,502011028
WA,50029,505011073
WA,50002,502011024
WA,50067,507011154
WA,50067,507011160
WA,50023,504031061
WA,50030,505011074
WA,50030,505011077
WA,50036,505021088
WA,50036,505021089
WA,50031,505011076
WA,50031,505011079
WA,50031,505011080
WA,50059,506051140
WA,50059,506051141
WA,50011,503021037
WA,50011,503021041
WA,50032,505011078
WA,50032,505011081
WA,50032,505011083
WA,50070,507031169
WA,50070,507031261
WA,50071,507031170
WA,50071,507031172
WA,50071,507031173
WA,50071,507031174
WA,50024,504031062
WA,50024,504031066
WA,50041,505031103
WA,50003,502011026
WA,50004,502011027
WA,50062,506071146
WA,50025,504031065
WA,50025,504031067
WA,50042,505031105
WA,50014,504011047
WA,50009,503021038
WA,50009,503021040
WA,50010,503021039
WA,50016,504011048
WA,50054,506031128
WA,50012,503021042
WA,50012,503021043
WA,50005,502011029
WA,50078,507051187
WA,50079,507051190
WA,50079,507051192
WA,50079,507051193
WA,50049,506011117
WA,50037,505021092
WA,50037,505021094
WA,50037,505021096
WA,50019,504021054
WA,50057,506041137
WA,50051,506021119
WA,50051,506021123
WA,50043,505031108
WA,50038,505031098
WA,50038,505031102
WA,50038,505031104
WA,50075,507041183
WA,50044,505031255
WA,50044,505031256
WA,50044,505031257
WA,50044,505031258
WA,50116,509011225
WA,50117,509011226
WA,50117,509011227
WA,50117,509011232
WA,50109,510031271
WA,50080,501011001
WA,50080,501011004
WA,50083,501021005
WA,50097,511031278
WA,50097,511031282
WA,50097,511031284
WA,50091,501031017
WA,50091,501031018
WA,50126,509031246
WA,50101,510011262
WA,50084,501021015
WA,50084,501021253
WA,50084,501021254
WA,50081,501011002
WA,50082,501011003
WA,50085,501021007
WA,50095,511021276
WA,50122,509021236
WA,50122,509021239
WA,50086,501021008
WA,50086,501021011
WA,50087,501021009
WA,50123,509021237
WA,50123,509021240
WA,50123,509021242
WA,50089,501021251
WA,50089,501021252
WA,50088,501021010
WA,50088,501021012
WA,50118,509011228
WA,50118,509011234
WA,50118,509011235
WA,50102,510011263
WA,50102,510011266
WA,50124,509021238
WA,50124,509021241
WA,50124,509021244
WA,50110,510021267
WA,50093,511011274
WA,50094,511011275
WA,50096,511021277
WA,50104,511041287
WA,50105,511041288
WA,50106,511041285
WA,50106,511041286
WA,50119,509011229
WA,50119,509011231
WA,50103,510011264
WA,50103,510011265
WA,50090,501021014
WA,50090,501021016
WA,50107,511041289
WA,50107,511041291
WA,50107,511041292
WA,50099,511031279
WA,50099,511031281
WA,50098,511031280
WA,50111,510031272
WA,50120,509011230
WA,50127,509031247
WA,50127,509031248
WA,50127,509031250
WA,50100,511031283
WA,50092,501031019
WA,50092,501031020
WA,50121,509011233
WA,50108,511041290
WA,50128,509031249
WA,50112,510021268
WA,50125,509021243
WA,50125,509021245
WA,50113,510021269
WA,50114,510031273
WA,50115,510021270
TA,60007,601031013
TA,60002,601021004
TA,60002,601021006
TA,60002,601021007
TA,60002,601021008
TA,60008,601031014
TA,60008,601031015
TA,60008,601031018
TA,60000,601011001
TA,60001,601011002
TA,60001,601011003
TA,60003,601021005
TA,60003,601021012
TA,60009,601031016
TA,60009,601031017
TA,60017,601061034
TA,60017,601061035
TA,60014,601051027
TA,60014,601051028
TA,60014,601051033
TA,60012,601041022
TA,60012,601041024
TA,60012,601041025
TA,60013,601041023
TA,60013,601041026
TA,60010,601031019
TA,60010,601031021
TA,60004,601021009
TA,60015,601051029
TA,60015,601051031
TA,60015,601051032
TA,60011,601031020
TA,60016,601051030
TA,60005,601021010
TA,60006,601021011
TA,60036,604011075
TA,60036,604011077
TA,60024,602021053
TA,60031,603021069
TA,60037,604011076
TA,60037,604011079
TA,60037,604011080
TA,60030,603011065
TA,60030,603011066
TA,60030,603011067
TA,60030,603011068
TA,60032,603021070
TA,60032,603021072
TA,60025,602021054
TA,60025,602021057
TA,60041,604021085
TA,60027,602031058
TA,60027,602031062
TA,60042,604021086
TA,60034,603031073
TA,60033,603021071
TA,60028,602031099
TA,60028,602031059
TA,60028,602031100
TA,60028,602031064
TA,60026,602021055
TA,60026,602021056
TA,60018,602011036
TA,60018,602011040
TA,60018,602011041
TA,60018,602011045
TA,60018,602011050
TA,60047,604031093
TA,60019,602011037
TA,60019,602011047
TA,60019,602011048
TA,60043,604021087
TA,60043,604021091
TA,60021,602011038
TA,60021,602011051
TA,60022,602011039
TA,60022,602011046
TA,60022,602011049
TA,60029,602031060
TA,60029,602031061
TA,60044,604021088
TA,60044,604021092
TA,60020,602011042
TA,60020,602011043
TA,60020,602011052
TA,60048,604031094
TA,60048,604031096
TA,60038,604011078
TA,60038,604011081
TA,60038,604011084
TA,60045,604021089
TA,60023,602011044
TA,60046,604021090
TA,60049,604031095
TA,60035,603031074
TA,60039,604011082
TA,60050,604031097
TA,60050,604031098
TA,60040,604011083
NT,70003,701021013
NT,70003,701021014
NT,70003,701021020
NT,70003,701021021
NT,70003,701021027
NT,70000,701011001
NT,70000,701011002
NT,70000,701011003
NT,70000,701011004
NT,70000,701011005
NT,70002,701021011
NT,70002,701021012
NT,70002,701021015
NT,70002,701021017
NT,70002,701021019
NT,70001,701021010
NT,70001,701021016
NT,70001,701021018
NT,70001,701021023
NT,70001,701021025
NT,70006,701041037
NT,70006,701041039
NT,70006,701041040
NT,70006,701041044
NT,70004,701031031
NT,70004,701031032
NT,70004,701031033
NT,70004,701031034
NT,70004,701031035
NT,70005,701041036
NT,70005,701041038
NT,70005,701041041
NT,70005,701041042
NT,70005,701041043
NT,70008,702011050
NT,70008,702011052
NT,70008,702011053
NT,70008,702011054
NT,70007,702011045
NT,70007,702011046
NT,70007,702011047
NT,70007,702011048
NT,70007,702011049
NT,70011,702041062
NT,70011,702041063
NT,70011,702041064
NT,70009,702021055
NT,70009,702021056
NT,70010,702031057
NT,70010,702031058
NT,70010,702031059
NT,70010,702031060
NT,70010,702031061
NT,70012,702051065
NT,70012,702051066
NT,70012,702051068
NT,70013,702051067
ACT,80006,801031114
ACT,80006,801031113
ACT,80006,801031031
ACT,80006,801031032
ACT,80006,801031115
ACT,80023,801011111
ACT,80023,801011112
ACT,80003,801011003
ACT,80003,801011007
ACT,80003,801011011
ACT,80003,801011016
ACT,80003,801011018
ACT,80000,801011001
ACT,80000,801011005
ACT,80000,801011013
ACT,80000,801011020
ACT,80000,801011023
ACT,80001,801011002
ACT,80001,801011004
ACT,80001,801011008
ACT,80001,801011014
ACT,80001,801011015
ACT,80020,801091099
ACT,80020,801091105
ACT,80020,801091107
ACT,80020,801091109
ACT,80021,801091100
ACT,80021,801091102
ACT,80021,801091103
ACT,80004,801011006
ACT,80004,801011012
ACT,80004,801011019
ACT,80016,801071076
ACT,80016,801071079
ACT,80016,801071083
ACT,80016,801071084
ACT,80022,801091101
ACT,80022,801091104
ACT,80022,801091106
ACT,80022,801091108
ACT,80022,801091110
ACT,80002,801011009
ACT,80002,801011010
ACT,80002,801011022
ACT,80002,801011025
ACT,80017,801071080
ACT,80017,801071086
ACT,80017,801071132
ACT,80017,801071090
ACT,80007,801041034
ACT,80007,801041035
ACT,80007,801041036
ACT,80007,801041038
ACT,80007,801041117
ACT,80008,801041037
ACT,80008,801041039
ACT,80008,801041040
ACT,80008,801041116
ACT,80008,801041044
ACT,80011,801051050
ACT,80011,801051123
ACT,80011,801051054
ACT,80011,801051055
ACT,80011,801051056
ACT,80010,801051049
ACT,80010,801051051
ACT,80010,801051124
ACT,80010,801051053
ACT,80010,801051125
ACT,80012,801061062
ACT,80012,801061130
ACT,80012,801061066
ACT,80012,801061068
ACT,80012,801061070
ACT,80013,801061129
ACT,80013,801061063
ACT,80013,801061064
ACT,80013,801061131
ACT,80013,801061067
ACT,80018,801071082
ACT,80024,801101134
ACT,80024,801101135
ACT,80024,801101136
ACT,80024,801101137
ACT,80024,801101138
ACT,80009,801041046
ACT,80009,801041047
ACT,80009,801041048
ACT,80014,801071071
ACT,80014,801071075
ACT,80014,801071078
ACT,80014,801071085
ACT,80014,801071089
ACT,80015,801071072
ACT,80015,801071073
ACT,80015,801071074
ACT,80015,801071077
ACT,80015,801071081
ACT,80005,801111140
ACT,80005,801111141
ACT,80019,801081091
ACT,80019,801081092
ACT,80019,801081093
ACT,80019,801081094
ACT,80019,801081095